step,row,collection_date,run_label,comparison,stored_IS_MHz,IS_MHz,IS_unc_MHz,delta_vs_stored_MHz,quality
v2+tail,0,2026-03-23,sulfur_2026-03-23_background,34S-32S,549.7459463076666,556.1044139321893,13.982142106821605,6.358467624522746,"{""32S"": {""reduced_chi2"": 4.826000063829265, ""echo_fraction"": 0.12282237590825527, ""min_live_fraction"": 0.8716490825830017, ""deadtime_count_correction"": 0.07671008988989647, ""ripple_halfwidth_MHz"": 138.71064829596477, ""ripple_halfwidth_unc_MHz"": 0.0, ""sigma_doppler_MHz"": 112.58144854771282, ""gamma_MHz"": 9.90410917602581}, ""34S"": {""reduced_chi2"": 1.1534746707432797, ""echo_fraction"": 0.15811665495432187, ""min_live_fraction"": 0.9308231677673635, ""deadtime_count_correction"": 0.009870825119712379, ""ripple_halfwidth_MHz"": 134.5742800771589, ""ripple_halfwidth_unc_MHz"": 0.0, ""sigma_doppler_MHz"": 95.24999729167192, ""gamma_MHz"": 1.7324539663394878e-15}}"
v2+tail,1,2026-03-23,sulfur_2026-03-23,34S-32S,576.1164650321007,581.2203526729718,11.260668652485634,5.103887640871108,"{""32S"": {""reduced_chi2"": 3.480982605831729, ""echo_fraction"": 0.14385794548102934, ""min_live_fraction"": 0.8537828109107053, ""deadtime_count_correction"": 0.10277350780383343, ""ripple_halfwidth_MHz"": 138.71199651609967, ""ripple_halfwidth_unc_MHz"": 0.0, ""sigma_doppler_MHz"": 106.9304477121912, ""gamma_MHz"": 3.218361545288877e-10}, ""34S"": {""reduced_chi2"": 1.2820009272923607, ""echo_fraction"": 0.12929397548765753, ""min_live_fraction"": 0.7978151647240236, ""deadtime_count_correction"": 0.010587388797399067, ""ripple_halfwidth_MHz"": 134.5743138221974, ""ripple_halfwidth_unc_MHz"": 0.0, ""sigma_doppler_MHz"": 100.76299266330462, ""gamma_MHz"": 1.1687907976231808e-10}}"
v2+tail,2,2026-03-24,sulfur_2026-03-24,34S-32S,579.7992328880355,581.8539096508175,9.277516654940923,2.0546767627820373,"{""32S"": {""reduced_chi2"": 4.3982203619407905, ""echo_fraction"": 0.14174603174603176, ""min_live_fraction"": 0.8500280383407469, ""deadtime_count_correction"": 0.09274234224605715, ""ripple_halfwidth_MHz"": 138.70831697269477, ""ripple_halfwidth_unc_MHz"": 0.0, ""sigma_doppler_MHz"": 90.09482589086026, ""gamma_MHz"": 8.206511585194726e-12}, ""34S"": {""reduced_chi2"": 1.3671533370619817, ""echo_fraction"": 0.12864493996569468, ""min_live_fraction"": 0.9124470308185407, ""deadtime_count_correction"": 0.011781772889914333, ""ripple_halfwidth_MHz"": 134.5723807252605, ""ripple_halfwidth_unc_MHz"": 0.0, ""sigma_doppler_MHz"": 58.05978593124817, ""gamma_MHz"": 31.20633230136214}}"
v2+tail,3,2026-03-27,sulfur_2026-03-27,34S-32S,560.6751095037907,561.1537211807445,16.957760119231054,0.47861167695373297,"{""32S"": {""reduced_chi2"": 2.494558110516661, ""echo_fraction"": 0.1477346278317152, ""min_live_fraction"": 0.8746154727202801, ""deadtime_count_correction"": 0.07155118103755154, ""ripple_halfwidth_MHz"": 138.7069210102806, ""ripple_halfwidth_unc_MHz"": 0.0, ""sigma_doppler_MHz"": 111.9738597363559, ""gamma_MHz"": 1.4586169396894615e-07}, ""34S"": {""reduced_chi2"": 1.2710043246934475, ""echo_fraction"": 0.11159546643417612, ""min_live_fraction"": 0.7244782988461608, ""deadtime_count_correction"": 0.009909651641095252, ""ripple_halfwidth_MHz"": 134.5703091738607, ""ripple_halfwidth_unc_MHz"": 0.0, ""sigma_doppler_MHz"": 98.8718085575119, ""gamma_MHz"": 1.1881048343129884e-05}}"
v2+tail,4,2026-05-05,sulfur_2026-05-05_boundary_32S_34S,34S-32S,616.9850488658994,560.3608145611361,18.892952826715277,-56.62423430476338,"{""32S"": {""reduced_chi2"": 1.0599067221913625, ""echo_fraction"": 0.145467080317132, ""min_live_fraction"": 0.8700859743715806, ""deadtime_count_correction"": 0.09574692529693274, ""ripple_halfwidth_MHz"": 138.70798797587733, ""ripple_halfwidth_unc_MHz"": 0.0, ""sigma_doppler_MHz"": 22.32097509094526, ""gamma_MHz"": 1.9577463625058042}, ""34S"": {""reduced_chi2"": 1.1392243303921639, ""echo_fraction"": 0.14788732394366197, ""min_live_fraction"": 0.9039845074336167, ""deadtime_count_correction"": 0.006314965599892419, ""ripple_halfwidth_MHz"": 134.57129701512528, ""ripple_halfwidth_unc_MHz"": 0.0, ""sigma_doppler_MHz"": 25.227846685540808, ""gamma_MHz"": 2.1580584161324193e-07}}"
v2+tail,5,2026-05-06,sulfur_2026_05_06_run1_boundary_32S_34S,34S-32S,549.27529534325,562.9925554385409,9.628120622671211,13.71726009529084,"{""32S"": {""reduced_chi2"": 1.8583396144745796, ""echo_fraction"": 0.1282866576984224, ""min_live_fraction"": 0.872288112731419, ""deadtime_count_correction"": 0.0855311300534145, ""ripple_halfwidth_MHz"": 138.70857417892097, ""ripple_halfwidth_unc_MHz"": 0.0, ""sigma_doppler_MHz"": 45.26620494438256, ""gamma_MHz"": 5.7783428795210945}, ""34S"": {""reduced_chi2"": 1.1286561492036296, ""echo_fraction"": 0.13127413127413126, ""min_live_fraction"": 0.9219860059769868, ""deadtime_count_correction"": 0.011898184183394944, ""ripple_halfwidth_MHz"": 134.57141756356756, ""ripple_halfwidth_unc_MHz"": 0.0, ""sigma_doppler_MHz"": 37.622457331073, ""gamma_MHz"": 7.511937984762084e-20}}"
v2+tail,6,2026-05-08,sulfur_2026_05_08_run1 pair 1,34S-32S,563.0672248080373,569.9073727009818,14.483852923866396,6.840147892944515,"{""32S"": {""reduced_chi2"": 3.067995817703363, ""echo_fraction"": 0.1465043020358268, ""min_live_fraction"": 0.760907756069028, ""deadtime_count_correction"": 0.20814554591830636, ""ripple_halfwidth_MHz"": 138.70851826488888, ""ripple_halfwidth_unc_MHz"": 0.0, ""sigma_doppler_MHz"": 112.85308608732753, ""gamma_MHz"": 10.218270611978186}, ""34S"": {""reduced_chi2"": 1.1667713725102664, ""echo_fraction"": 0.11259079903147699, ""min_live_fraction"": 0.9277478112426788, ""deadtime_count_correction"": 0.026331152407899294, ""ripple_halfwidth_MHz"": 134.57079332476135, ""ripple_halfwidth_unc_MHz"": 0.0, ""sigma_doppler_MHz"": 61.39761209339317, ""gamma_MHz"": 42.86357277014972}}"
v2+tail,7,2026-05-08,sulfur_2026_05_08_run1 pair 2,34S-32S,571.4466125937179,572.4019232438877,11.976970788699093,0.9553106501698494,"{""32S"": {""reduced_chi2"": 2.9577879132487155, ""echo_fraction"": 0.1454033620204295, ""min_live_fraction"": 0.7641524825228144, ""deadtime_count_correction"": 0.2034718906276658, ""ripple_halfwidth_MHz"": 138.70744152946702, ""ripple_halfwidth_unc_MHz"": 0.0, ""sigma_doppler_MHz"": 72.26045779997436, ""gamma_MHz"": 16.618912016440092}, ""34S"": {""reduced_chi2"": 1.1811496451021757, ""echo_fraction"": 0.11259079903147699, ""min_live_fraction"": 0.9277478112426788, ""deadtime_count_correction"": 0.026331152407899294, ""ripple_halfwidth_MHz"": 134.57079332476135, ""ripple_halfwidth_unc_MHz"": 0.0, ""sigma_doppler_MHz"": 68.5521553738453, ""gamma_MHz"": 17.975533380135698}}"
v2+tail,8,2026-05-08,sulfur_2026_05_08_run1 pair 5,34S-32S,554.3536626501009,564.6157889859751,8.51016939729361,10.2621263358742,"{""32S"": {""reduced_chi2"": 3.2075625815330553, ""echo_fraction"": 0.1314983245572044, ""min_live_fraction"": 0.7975924203116704, ""deadtime_count_correction"": 0.15950385284724078, ""ripple_halfwidth_MHz"": 138.70768045007566, ""ripple_halfwidth_unc_MHz"": 0.0, ""sigma_doppler_MHz"": 63.12640884188883, ""gamma_MHz"": 16.82772086909343}, ""34S"": {""reduced_chi2"": 1.0077917345662075, ""echo_fraction"": 0.10585260115606937, ""min_live_fraction"": 0.9000600104582129, ""deadtime_count_correction"": 0.017346092957242654, ""ripple_halfwidth_MHz"": 134.5716161068852, ""ripple_halfwidth_unc_MHz"": 0.0, ""sigma_doppler_MHz"": 0.00013943120749667498, ""gamma_MHz"": 27.446944799054428}}"
v2+tail,9,2026-05-11,36S_2026_05_11 pair 1,36S-32S,681.1713642673567,1172.1699511399493,44.660744313763644,490.99858687259257,"{""32S"": {""reduced_chi2"": 2.4480286856934725, ""echo_fraction"": 0.1539815762538383, ""min_live_fraction"": 0.7280222914148545, ""deadtime_count_correction"": 0.2516198540349033, ""ripple_halfwidth_MHz"": 138.71325252814347, ""ripple_halfwidth_unc_MHz"": 0.0, ""sigma_doppler_MHz"": 94.03658916828978, ""gamma_MHz"": 14.992769360222763}, ""36S"": {""reduced_chi2"": 1.036172668771241, ""echo_fraction"": 0.04727272727272727, ""min_live_fraction"": 0.7925988692606435, ""deadtime_count_correction"": 0.006684188144926662, ""ripple_halfwidth_MHz"": 130.7810273604487, ""ripple_halfwidth_unc_MHz"": 0.0, ""sigma_doppler_MHz"": 0.016738190931797136, ""gamma_MHz"": 2.906029569160792e-07}}"
v2+tail,10,2026-05-12,36S_2026_05_11 pair 1,34S-32S,584.54734319821,582.5558109208941,6.282361449615534,-1.991532277315855,"{""32S"": {""reduced_chi2"": 1.8540370749304904, ""echo_fraction"": 0.14098329033346996, ""min_live_fraction"": 0.7830475124652809, ""deadtime_count_correction"": 0.14820749910339814, ""ripple_halfwidth_MHz"": 138.70908545206012, ""ripple_halfwidth_unc_MHz"": 0.0, ""sigma_doppler_MHz"": 61.789842908629865, ""gamma_MHz"": 6.878198375371202}, ""34S"": {""reduced_chi2"": 1.2508738746458556, ""echo_fraction"": 0.10978900883218842, ""min_live_fraction"": 0.9175449400843934, ""deadtime_count_correction"": 0.018688783355959915, ""ripple_halfwidth_MHz"": 134.57288248524114, ""ripple_halfwidth_unc_MHz"": 0.0, ""sigma_doppler_MHz"": 67.84856607058656, ""gamma_MHz"": 6.188059776177831}}"
v2+tail,11,2026-05-13,sulfur_20260513 pair 1,34S-32S,555.4106123745441,560.1093280129135,8.985625879393845,4.698715638369322,"{""32S"": {""reduced_chi2"": 1.714751648671074, ""echo_fraction"": 0.14889236597216504, ""min_live_fraction"": 0.9133219030688853, ""deadtime_count_correction"": 0.049660179229077395, ""ripple_halfwidth_MHz"": 138.7121535122102, ""ripple_halfwidth_unc_MHz"": 0.0, ""sigma_doppler_MHz"": 51.9761013624895, ""gamma_MHz"": 7.804525263039209}, ""34S"": {""reduced_chi2"": 1.3149815555584157, ""echo_fraction"": 0.13060773480662982, ""min_live_fraction"": 0.9275332620893932, ""deadtime_count_correction"": 0.010558067223842782, ""ripple_halfwidth_MHz"": 134.57516651710205, ""ripple_halfwidth_unc_MHz"": 0.0, ""sigma_doppler_MHz"": 62.58419752403697, ""gamma_MHz"": 11.065361313529117}}"
v2+tail,12,2026-06-01,sulfur_20260601_bracketed bracket 1,34S-32S,574.3575599044561,590.5043713282794,29.399259840271277,16.146811423823237,"{""32S_after"": {""reduced_chi2"": 10.049730152250808, ""echo_fraction"": 0.16865066170113718, ""min_live_fraction"": 0.7556218368736477, ""deadtime_count_correction"": 0.1816642217306932, ""ripple_halfwidth_MHz"": 138.7075831689971, ""ripple_halfwidth_unc_MHz"": 0.0, ""sigma_doppler_MHz"": 100.86818850189944, ""gamma_MHz"": 46.452248800779834}, ""32S_before"": {""reduced_chi2"": 5.0717733381015835, ""echo_fraction"": 0.17118668388577987, ""min_live_fraction"": 0.7436336007353626, ""deadtime_count_correction"": 0.13957181216633296, ""ripple_halfwidth_MHz"": 138.70869133641787, ""ripple_halfwidth_unc_MHz"": 0.0, ""sigma_doppler_MHz"": 64.40173050083268, ""gamma_MHz"": 49.88762180799411}, ""34S"": {""reduced_chi2"": 1.9171572480489516, ""echo_fraction"": 0.14846685250272695, ""min_live_fraction"": 0.7807053658538503, ""deadtime_count_correction"": 0.029546739912172937, ""ripple_halfwidth_MHz"": 134.57148913538273, ""ripple_halfwidth_unc_MHz"": 0.0, ""sigma_doppler_MHz"": 154.69226473786395, ""gamma_MHz"": 0.00011784145508844841}}"
v2+tail,13,2026-06-01,sulfur_20260601,34S-32S,606.3639046624303,603.6763275042176,19.45401986653493,-2.6875771582126617,"{""32S"": {""reduced_chi2"": 10.049730152250808, ""echo_fraction"": 0.16865066170113718, ""min_live_fraction"": 0.7556218368736477, ""deadtime_count_correction"": 0.1816642217306932, ""ripple_halfwidth_MHz"": 138.7075831689971, ""ripple_halfwidth_unc_MHz"": 0.0, ""sigma_doppler_MHz"": 100.86818850189944, ""gamma_MHz"": 46.452248800779834}, ""34S"": {""reduced_chi2"": 2.5661885921371046, ""echo_fraction"": 0.14840846663435125, ""min_live_fraction"": 0.8378115929224507, ""deadtime_count_correction"": 0.04171322957744872, ""ripple_halfwidth_MHz"": 134.57003533895445, ""ripple_halfwidth_unc_MHz"": 0.0, ""sigma_doppler_MHz"": 100.07929884583905, ""gamma_MHz"": 12.352949193334075}}"
